{
    "model": {
        "name": "OneClassSVM",
        "cache_size": 200,
        "coef0": 0.0,
        "contamination": 0.1,
        "degree": 3,
        "gamma": 0.1,
        "kernel": "rbf",
        "max_iter": -1,
        "nu": 0.01,
        "shrinking": true,
        "tol": 0.001,
        "verbose": false
    },
    "dataset": {
        "name": "UNSW",
        "tran_concepts_no": 10,
        "test_concepts_no": 10
    },
    "strategy": {
        "name": "Naive"
    },
    "concept_metric_callback_ROC-AUC": {
        "base_metric_name": "ROC-AUC",
        "metrics": {
            "ContinualAverage": 0.5789025147269836,
            "BackwardTransfer": -0.09684365104225602,
            "ForwardTransfer": 0.4804937308882385
        },
        "concepts_order": [
            "Cluster_0",
            "Cluster_1",
            "Cluster_2",
            "Cluster_3",
            "Cluster_4",
            "Cluster_5",
            "Cluster_6",
            "Cluster_7",
            "Cluster_8",
            "Cluster_9"
        ],
        "metric_matrix": {
            "Cluster_0": {
                "Cluster_0": 0.7675071674417,
                "Cluster_1": 0.5,
                "Cluster_2": 0.5,
                "Cluster_3": 0.5,
                "Cluster_4": 0.5422868741542626,
                "Cluster_5": 0.5,
                "Cluster_6": 0.5,
                "Cluster_7": 0.5,
                "Cluster_8": 0.5,
                "Cluster_9": 0.0292022792022792
            },
            "Cluster_1": {
                "Cluster_0": 0.5,
                "Cluster_1": 0.950389987302739,
                "Cluster_2": 0.5,
                "Cluster_3": 0.5,
                "Cluster_4": 0.5,
                "Cluster_5": 0.5499074074074074,
                "Cluster_6": 0.5,
                "Cluster_7": 0.5,
                "Cluster_8": 0.5537704309063893,
                "Cluster_9": 0.5
            },
            "Cluster_2": {
                "Cluster_0": 0.5,
                "Cluster_1": 0.5,
                "Cluster_2": 0.94960399773713,
                "Cluster_3": 0.09224553922118729,
                "Cluster_4": 0.10289555325749741,
                "Cluster_5": 0.4900227330133872,
                "Cluster_6": 0.5,
                "Cluster_7": 0.5,
                "Cluster_8": 0.5,
                "Cluster_9": 0.5
            },
            "Cluster_3": {
                "Cluster_0": 0.4994933502216593,
                "Cluster_1": 0.5,
                "Cluster_2": 0.5,
                "Cluster_3": 0.9524697110904007,
                "Cluster_4": 0.5,
                "Cluster_5": 0.5,
                "Cluster_6": 0.5,
                "Cluster_7": 0.5,
                "Cluster_8": 0.5,
                "Cluster_9": 0.5
            },
            "Cluster_4": {
                "Cluster_0": 0.500544069640914,
                "Cluster_1": 0.5,
                "Cluster_2": 0.5,
                "Cluster_3": 0.5,
                "Cluster_4": 0.948128101037438,
                "Cluster_5": 0.5,
                "Cluster_6": 0.5,
                "Cluster_7": 0.5,
                "Cluster_8": 0.5,
                "Cluster_9": 0.5
            },
            "Cluster_5": {
                "Cluster_0": 0.5,
                "Cluster_1": 0.630237620170506,
                "Cluster_2": 0.5,
                "Cluster_3": 0.5,
                "Cluster_4": 0.5,
                "Cluster_5": 0.950462962962963,
                "Cluster_6": 0.5,
                "Cluster_7": 0.5,
                "Cluster_8": 0.7618870728083209,
                "Cluster_9": 0.5
            },
            "Cluster_6": {
                "Cluster_0": 0.5,
                "Cluster_1": 0.5,
                "Cluster_2": 0.5,
                "Cluster_3": 0.5,
                "Cluster_4": 0.5,
                "Cluster_5": 0.5,
                "Cluster_6": 0.9564625850340136,
                "Cluster_7": 0.5,
                "Cluster_8": 0.5,
                "Cluster_9": 0.5
            },
            "Cluster_7": {
                "Cluster_0": 0.5,
                "Cluster_1": 0.5,
                "Cluster_2": 0.5,
                "Cluster_3": 0.5,
                "Cluster_4": 0.5,
                "Cluster_5": 0.5,
                "Cluster_6": 0.5,
                "Cluster_7": 0.9516932270916334,
                "Cluster_8": 0.5,
                "Cluster_9": 0.5
            },
            "Cluster_8": {
                "Cluster_0": 0.5,
                "Cluster_1": 0.6412116814801379,
                "Cluster_2": 0.5,
                "Cluster_3": 0.5,
                "Cluster_4": 0.5,
                "Cluster_5": 0.7067592592592593,
                "Cluster_6": 0.5,
                "Cluster_7": 0.5,
                "Cluster_8": 0.9551448736998513,
                "Cluster_9": 0.5
            },
            "Cluster_9": {
                "Cluster_0": 0.5,
                "Cluster_1": 0.10397646581456685,
                "Cluster_2": 0.5689038819740817,
                "Cluster_3": 0.4211087420042644,
                "Cluster_4": 0.4299092267034356,
                "Cluster_5": 0.5,
                "Cluster_6": 0.5,
                "Cluster_7": 0.5,
                "Cluster_8": 0.5,
                "Cluster_9": 0.9556313993174061
            }
        }
    },
    "time_evaluation_callback": {
        "time_by_concept": {
            "Cluster_0": {
                "train_time": 0.33696985244750977,
                "eval_time": 1.5801951885223389
            },
            "Cluster_1": {
                "train_time": 0.09475159645080566,
                "eval_time": 1.388655662536621
            },
            "Cluster_2": {
                "train_time": 0.3665752410888672,
                "eval_time": 1.403355360031128
            },
            "Cluster_3": {
                "train_time": 0.12115955352783203,
                "eval_time": 1.356125831604004
            },
            "Cluster_4": {
                "train_time": 0.06264185905456543,
                "eval_time": 1.1490888595581055
            },
            "Cluster_5": {
                "train_time": 0.08613443374633789,
                "eval_time": 1.1596801280975342
            },
            "Cluster_6": {
                "train_time": 0.0069963932037353516,
                "eval_time": 1.1560933589935303
            },
            "Cluster_7": {
                "train_time": 0.00397944450378418,
                "eval_time": 1.109158992767334
            },
            "Cluster_8": {
                "train_time": 0.08924102783203125,
                "eval_time": 1.1734097003936768
            },
            "Cluster_9": {
                "train_time": 0.07094693183898926,
                "eval_time": 1.45707106590271
            }
        },
        "train_time_total": 1.239396333694458,
        "eval_time_total": 12.932834148406982
    }
}