{
    "model": {
        "name": "COPOD",
        "contamination": 1e-05,
        "n_jobs": 1
    },
    "dataset": {
        "name": "UNSW",
        "tran_concepts_no": 10,
        "test_concepts_no": 10
    },
    "strategy": {
        "name": "Naive"
    },
    "concept_metric_callback_ROC-AUC": {
        "base_metric_name": "ROC-AUC",
        "metrics": {
            "ContinualAverage": 0.5043271623370047,
            "BackwardTransfer": -0.0010349038127699013,
            "ForwardTransfer": 0.45582536752232866
        },
        "concepts_order": [
            "Cluster_0",
            "Cluster_1",
            "Cluster_2",
            "Cluster_3",
            "Cluster_4",
            "Cluster_5",
            "Cluster_6",
            "Cluster_7",
            "Cluster_8",
            "Cluster_9"
        ],
        "metric_matrix": {
            "Cluster_0": {
                "Cluster_0": 0.5,
                "Cluster_1": 0.5001521606816799,
                "Cluster_2": 0.500459981600736,
                "Cluster_3": 0.5003366625519021,
                "Cluster_4": 0.5004021601746524,
                "Cluster_5": 0.5,
                "Cluster_6": 0.5,
                "Cluster_7": 0.5,
                "Cluster_8": 0.49786404160475484,
                "Cluster_9": 0.4967877936157398
            },
            "Cluster_1": {
                "Cluster_0": 0.5,
                "Cluster_1": 0.5003550415905863,
                "Cluster_2": 0.5,
                "Cluster_3": 0.5,
                "Cluster_4": 0.5,
                "Cluster_5": 0.5,
                "Cluster_6": 0.5,
                "Cluster_7": 0.5,
                "Cluster_8": 0.5,
                "Cluster_9": 0.5
            },
            "Cluster_2": {
                "Cluster_0": 0.5,
                "Cluster_1": 0.5003550415905863,
                "Cluster_2": 0.5008256769484076,
                "Cluster_3": 0.49899036968002486,
                "Cluster_4": 0.5,
                "Cluster_5": 0.49997055466681634,
                "Cluster_6": 0.5,
                "Cluster_7": 0.5,
                "Cluster_8": 0.5,
                "Cluster_9": 0.49989961855049186
            },
            "Cluster_3": {
                "Cluster_0": 0.49995053912355325,
                "Cluster_1": 0.5006593629539461,
                "Cluster_2": 0.5005519779208831,
                "Cluster_3": 0.5019077544607788,
                "Cluster_4": 0.5010341261633919,
                "Cluster_5": 0.5003157362970447,
                "Cluster_6": 0.5,
                "Cluster_7": 0.5,
                "Cluster_8": 0.4975854383358098,
                "Cluster_9": 0.4923710098373821
            },
            "Cluster_4": {
                "Cluster_0": 0.49668612127806905,
                "Cluster_1": 0.5091369457911264,
                "Cluster_2": 0.5353256414717954,
                "Cluster_3": 0.5426914837552214,
                "Cluster_4": 0.5532574974146846,
                "Cluster_5": 0.507073545508125,
                "Cluster_6": 0.5,
                "Cluster_7": 0.4312749003984064,
                "Cluster_8": 0.10122585438335807,
                "Cluster_9": 0.09445894398715116
            },
            "Cluster_5": {
                "Cluster_0": 0.5,
                "Cluster_1": 0.5006593629539461,
                "Cluster_2": 0.500459981600736,
                "Cluster_3": 0.5001683312759511,
                "Cluster_4": 0.5,
                "Cluster_5": 0.5,
                "Cluster_6": 0.5,
                "Cluster_7": 0.5,
                "Cluster_8": 0.49981426448737,
                "Cluster_9": 0.49909656695442683
            },
            "Cluster_6": {
                "Cluster_0": 0.49638935601938866,
                "Cluster_1": 0.4704945451237428,
                "Cluster_2": 0.5491776104931666,
                "Cluster_3": 0.5411467562509088,
                "Cluster_4": 0.5230107842364407,
                "Cluster_5": 0.49460759825245804,
                "Cluster_6": 0.5,
                "Cluster_7": 0.4218127490039841,
                "Cluster_8": 0.24953566121842496,
                "Cluster_9": 0.07297731379241118
            },
            "Cluster_7": {
                "Cluster_0": 0.4979226431892373,
                "Cluster_1": 0.5037653305635839,
                "Cluster_2": 0.5085592921747961,
                "Cluster_3": 0.5102473690590277,
                "Cluster_4": 0.5074836543229225,
                "Cluster_5": 0.5016045718615811,
                "Cluster_6": 0.5,
                "Cluster_7": 0.4900398406374502,
                "Cluster_8": 0.34073179791976227,
                "Cluster_9": 0.3092752459345513
            },
            "Cluster_8": {
                "Cluster_0": 0.5,
                "Cluster_1": 0.5007100831811726,
                "Cluster_2": 0.5006439742410304,
                "Cluster_3": 0.4996592411604465,
                "Cluster_4": 0.5,
                "Cluster_5": 0.5000968491856342,
                "Cluster_6": 0.5,
                "Cluster_7": 0.5,
                "Cluster_8": 0.49981426448737,
                "Cluster_9": 0.4986950411563943
            },
            "Cluster_9": {
                "Cluster_0": 0.5,
                "Cluster_1": 0.500253601136133,
                "Cluster_2": 0.50008970638723,
                "Cluster_3": 0.49937868903386146,
                "Cluster_4": 0.5,
                "Cluster_5": 0.4999074074074074,
                "Cluster_6": 0.5,
                "Cluster_7": 0.5,
                "Cluster_8": 0.5,
                "Cluster_9": 0.5
            }
        }
    },
    "time_evaluation_callback": {
        "time_by_concept": {
            "Cluster_0": {
                "train_time": 0.13654732704162598,
                "eval_time": 4.543949365615845
            },
            "Cluster_1": {
                "train_time": 0.17684483528137207,
                "eval_time": 4.330653429031372
            },
            "Cluster_2": {
                "train_time": 0.31897783279418945,
                "eval_time": 4.330432415008545
            },
            "Cluster_3": {
                "train_time": 0.2019023895263672,
                "eval_time": 4.041410446166992
            },
            "Cluster_4": {
                "train_time": 0.11459541320800781,
                "eval_time": 3.65498948097229
            },
            "Cluster_5": {
                "train_time": 0.12633204460144043,
                "eval_time": 3.6930718421936035
            },
            "Cluster_6": {
                "train_time": 0.06873965263366699,
                "eval_time": 3.468783378601074
            },
            "Cluster_7": {
                "train_time": 0.018309354782104492,
                "eval_time": 3.2126595973968506
            },
            "Cluster_8": {
                "train_time": 0.06538605690002441,
                "eval_time": 3.6901161670684814
            },
            "Cluster_9": {
                "train_time": 0.12976408004760742,
                "eval_time": 4.364553213119507
            }
        },
        "train_time_total": 1.3573989868164062,
        "eval_time_total": 39.33061933517456
    }
}