{
    "model": {
        "name": "COPOD",
        "contamination": 1e-05,
        "n_jobs": 1
    },
    "dataset": {
        "name": "UNSW",
        "tran_concepts_no": 10,
        "test_concepts_no": 10
    },
    "strategy": {
        "name": "ReplayEnhanced",
        "replay_buffer": {
            "name": "AdaptiveBalancedReplayBuffer",
            "max_size": 5000,
            "selection_method": "RandomSelection",
            "current_size": 5000,
            "buffer_size": 5000
        }
    },
    "concept_metric_callback_ROC-AUC": {
        "base_metric_name": "ROC-AUC",
        "metrics": {
            "ContinualAverage": 0.5001923606160631,
            "BackwardTransfer": -8.343742852053489e-06,
            "ForwardTransfer": 0.485824574244195
        },
        "concepts_order": [
            "Cluster_0",
            "Cluster_1",
            "Cluster_2",
            "Cluster_3",
            "Cluster_4",
            "Cluster_5",
            "Cluster_6",
            "Cluster_7",
            "Cluster_8",
            "Cluster_9"
        ],
        "metric_matrix": {
            "Cluster_0": {
                "Cluster_0": 0.4972301909189831,
                "Cluster_1": 0.5021818161812116,
                "Cluster_2": 0.5601302989177811,
                "Cluster_3": 0.5577376276512176,
                "Cluster_4": 0.5718185927208153,
                "Cluster_5": 0.5109858222708691,
                "Cluster_6": 0.5,
                "Cluster_7": 0.4641434262948207,
                "Cluster_8": 0.17180534918276374,
                "Cluster_9": 0.04617546677374024
            },
            "Cluster_1": {
                "Cluster_0": 0.5,
                "Cluster_1": 0.5000507202272266,
                "Cluster_2": 0.5,
                "Cluster_3": 0.5,
                "Cluster_4": 0.5,
                "Cluster_5": 0.5,
                "Cluster_6": 0.5,
                "Cluster_7": 0.5,
                "Cluster_8": 0.5,
                "Cluster_9": 0.5
            },
            "Cluster_2": {
                "Cluster_0": 0.5,
                "Cluster_1": 0.5006593629539461,
                "Cluster_2": 0.5007359705611776,
                "Cluster_3": 0.5,
                "Cluster_4": 0.4997744700045106,
                "Cluster_5": 0.5,
                "Cluster_6": 0.5,
                "Cluster_7": 0.5,
                "Cluster_8": 0.5,
                "Cluster_9": 0.4992973298534431
            },
            "Cluster_3": {
                "Cluster_0": 0.5,
                "Cluster_1": 0.5018766484073849,
                "Cluster_2": 0.5020687722368534,
                "Cluster_3": 0.5026371899899001,
                "Cluster_4": 0.5010915776169137,
                "Cluster_5": 0.5007577671129073,
                "Cluster_6": 0.5,
                "Cluster_7": 0.5,
                "Cluster_8": 0.4972139673105498,
                "Cluster_9": 0.49016261794820315
            },
            "Cluster_4": {
                "Cluster_0": 0.5,
                "Cluster_1": 0.5001014404544533,
                "Cluster_2": 0.5000919963201472,
                "Cluster_3": 0.5,
                "Cluster_4": 0.5,
                "Cluster_5": 0.5,
                "Cluster_6": 0.5,
                "Cluster_7": 0.5,
                "Cluster_8": 0.499907132243685,
                "Cluster_9": 0.49939771130295124
            },
            "Cluster_5": {
                "Cluster_0": 0.5,
                "Cluster_1": 0.5004564820450396,
                "Cluster_2": 0.500459981600736,
                "Cluster_3": 0.5,
                "Cluster_4": 0.5,
                "Cluster_5": 0.5,
                "Cluster_6": 0.5,
                "Cluster_7": 0.5,
                "Cluster_8": 0.499907132243685,
                "Cluster_9": 0.4989961855049187
            },
            "Cluster_6": {
                "Cluster_0": 0.5,
                "Cluster_1": 0.5005579224994928,
                "Cluster_2": 0.5008279668813247,
                "Cluster_3": 0.5002805521265851,
                "Cluster_4": 0.500229805814087,
                "Cluster_5": 0.5,
                "Cluster_6": 0.5,
                "Cluster_7": 0.5,
                "Cluster_8": 0.4987927191679049,
                "Cluster_9": 0.49598474201967474
            },
            "Cluster_7": {
                "Cluster_0": 0.5,
                "Cluster_1": 0.5001521606816799,
                "Cluster_2": 0.500459981600736,
                "Cluster_3": 0.5002244417012681,
                "Cluster_4": 0.5,
                "Cluster_5": 0.5,
                "Cluster_6": 0.5,
                "Cluster_7": 0.5,
                "Cluster_8": 0.49925705794947994,
                "Cluster_9": 0.49789198956032926
            },
            "Cluster_8": {
                "Cluster_0": 0.5,
                "Cluster_1": 0.5005579224994928,
                "Cluster_2": 0.5007359705611776,
                "Cluster_3": 0.5003366625519021,
                "Cluster_4": 0.5,
                "Cluster_5": 0.5001262945188178,
                "Cluster_6": 0.5,
                "Cluster_7": 0.5,
                "Cluster_8": 0.499721396731055,
                "Cluster_9": 0.4986950411563943
            },
            "Cluster_9": {
                "Cluster_0": 0.5,
                "Cluster_1": 0.5,
                "Cluster_2": 0.5,
                "Cluster_3": 0.5,
                "Cluster_4": 0.5,
                "Cluster_5": 0.5,
                "Cluster_6": 0.5,
                "Cluster_7": 0.5,
                "Cluster_8": 0.5,
                "Cluster_9": 0.5
            }
        }
    },
    "time_evaluation_callback": {
        "time_by_concept": {
            "Cluster_0": {
                "train_time": 0.1930544376373291,
                "eval_time": 5.88975715637207
            },
            "Cluster_1": {
                "train_time": 0.2479252815246582,
                "eval_time": 5.202072858810425
            },
            "Cluster_2": {
                "train_time": 0.3157510757446289,
                "eval_time": 5.456867218017578
            },
            "Cluster_3": {
                "train_time": 0.36623334884643555,
                "eval_time": 5.122128248214722
            },
            "Cluster_4": {
                "train_time": 0.2904975414276123,
                "eval_time": 4.782068490982056
            },
            "Cluster_5": {
                "train_time": 0.25117969512939453,
                "eval_time": 4.746574640274048
            },
            "Cluster_6": {
                "train_time": 0.19610834121704102,
                "eval_time": 4.948973894119263
            },
            "Cluster_7": {
                "train_time": 0.09995532035827637,
                "eval_time": 4.689719200134277
            },
            "Cluster_8": {
                "train_time": 0.22013425827026367,
                "eval_time": 4.832057476043701
            },
            "Cluster_9": {
                "train_time": 0.2892444133758545,
                "eval_time": 5.610440015792847
            }
        },
        "train_time_total": 2.470083713531494,
        "eval_time_total": 51.280659198760986
    }
}